Wine_Id,product_link,image_link
0,https://labodega.consum.es/montesierra,https://labodega.consum.es/public/Image/2017/10/7298821.png_normal.jpg
1,https://labodega.consum.es/tintos/faustinovii-0187l,https://labodega.consum.es/public/Image/2018/3/7164171_normal.png
2,https://labodega.consum.es/tintos/claretdetardor-075l,https://labodega.consum.es/public/Image/2018/3/7276152_normal.png
3,https://labodega.consum.es/tintos/abadal-075l,https://labodega.consum.es/public/Image/2018/3/7197809_normal.png
4,https://labodega.consum.es/tintos/cune-0375l,https://labodega.consum.es/public/Image/2018/3/7068919_normal.png
5,https://labodega.consum.es/tintos/reinaelionor-075l,https://labodega.consum.es/public/Image/2018/3/7057297_normal.png
6,https://labodega.consum.es/tintos/casadelaermita-075l,https://labodega.consum.es/public/Image/2018/3/7180250_normal.png
7,https://labodega.consum.es/tintos/barondeturis-075l,https://labodega.consum.es/public/Image/2018/3/99143_normal.png
8,https://labodega.consum.es/tintos/coronas-075l,https://labodega.consum.es/public/Image/2018/3/308056_normal.png
9,https://labodega.consum.es/tintos/capderuc-075l,https://labodega.consum.es/public/Image/2018/3/7276202_normal.png
10,https://labodega.consum.es/mo-salinas-monastrell,https://labodega.consum.es/public/Image/2019/2/7327724MOSALINASMONASTRELL.png_normal.jpg
11,https://labodega.consum.es/tintos/campoviejo-075l9,https://labodega.consum.es/public/Image/2018/3/318436_normal.png
12,https://labodega.consum.es/tintos/patanegra-075l,https://labodega.consum.es/public/Image/2018/3/7232010_normal.png
13,https://labodega.consum.es/tintos/rocamora-075l,https://labodega.consum.es/public/Image/2018/3/7057292_normal.png
14,https://labodega.consum.es/valpincia,https://labodega.consum.es/public/Image/2017/11/7300184.png_normal.jpg
15,https://labodega.consum.es/tintos/protos-075l5,https://labodega.consum.es/public/Image/2018/3/7102358_normal.png
16,https://labodega.consum.es/tintos/raimatabadia-075l,https://labodega.consum.es/public/Image/2018/3/221507_normal.png
17,https://labodega.consum.es/tintos/seoriodelosllanos-075l9,https://labodega.consum.es/public/Image/2018/3/7086676_normal.png
18,https://labodega.consum.es/tintos/garboroure-075l,https://labodega.consum.es/public/Image/2018/3/7207819_normal.png
19,https://labodega.consum.es/tintos/viaalbali-075l,https://labodega.consum.es/public/Image/2018/3/7088289_normal.png
20,https://labodega.consum.es/tintos/castillodealbai-0187l,https://labodega.consum.es/public/Image/2018/3/7270775_normal.png
21,https://labodega.consum.es/tintos/sabatacha-075l,https://labodega.consum.es/public/Image/2018/3/7273881_normal.png
22,https://labodega.consum.es/tintos/juandejuanes-075l5,https://labodega.consum.es/public/Image/2018/3/7187359_normal.png
23,https://labodega.consum.es/tintos/lagunilla-075l,https://labodega.consum.es/public/Image/2018/3/502963_normal.png
24,https://labodega.consum.es/gran-bajoz,https://labodega.consum.es/public/Image/2017/10/7230100.png_normal.jpg
25,https://labodega.consum.es/tintos/rayuelo-075l,https://labodega.consum.es/public/Image/2018/3/7281046_normal.png
26,https://labodega.consum.es/tintos/monasteriodelasvias-075l5,https://labodega.consum.es/public/Image/2018/3/465021_normal.png
27,https://labodega.consum.es/tintos/lasdosces-075l,https://labodega.consum.es/public/Image/2018/3/7275675_normal.png
28,https://labodega.consum.es/tintos/viaalbali-075l9,https://labodega.consum.es/public/Image/2018/3/170399_normal.png
29,https://labodega.consum.es/tintos/juandejuanes-075l,https://labodega.consum.es/public/Image/2018/3/7187354_normal.png
30,https://labodega.consum.es/celeste-roble,https://labodega.consum.es/public/Image/2017/10/7298797.png_normal.jpg
31,https://labodega.consum.es/tintos/closmustardo-075l,https://labodega.consum.es/public/Image/2018/3/7097210_normal.png
32,https://labodega.consum.es/tintos/bajoz-075l,https://labodega.consum.es/public/Image/2018/3/7218675_normal.png
33,https://labodega.consum.es/tintos/marquesdecaceres-075l5,https://labodega.consum.es/public/Image/2018/3/112839_normal.png
34,https://labodega.consum.es/tintos/berberana-075l5,https://labodega.consum.es/public/Image/2018/3/7190619_normal.png
35,https://labodega.consum.es/tintos/chteauterreblanque-075l,https://labodega.consum.es/public/Image/2018/3/7228559_normal.png
36,https://labodega.consum.es/tintos/losmolinos-075l,https://labodega.consum.es/public/Image/2018/3/7211766_normal.png
37,https://labodega.consum.es/tintos/elefantblanc-075l,https://labodega.consum.es/public/Image/2018/3/7186807_normal.png
38,https://labodega.consum.es/tintos/condedecaralt-075l,https://labodega.consum.es/public/Image/2018/3/263996_normal.png
39,https://labodega.consum.es/tintos/beronia-075l,https://labodega.consum.es/public/Image/2018/3/49882_normal.png
40,https://labodega.consum.es/tintos/sanasensio-075l,https://labodega.consum.es/public/Image/2018/3/318667_normal.png
41,https://labodega.consum.es/tintos/enterizo-075l10,https://labodega.consum.es/public/Image/2018/3/904540_normal.png
42,https://labodega.consum.es/tintos/ramonbilbao-075l,https://labodega.consum.es/public/Image/2018/3/7264476_normal.png
43,https://labodega.consum.es/tintos/azpilicueta-075l,https://labodega.consum.es/public/Image/2018/7/400x900_azpilicueta.png_normal.jpg
44,https://labodega.consum.es/tintos/enclavededo-075l,https://labodega.consum.es/public/Image/2018/3/7273696_normal.png
45,https://labodega.consum.es/tintos/donramon-075l,https://labodega.consum.es/public/Image/2018/3/112938_normal.png
46,https://labodega.consum.es/tintos/barondeturis-075l9,https://labodega.consum.es/public/Image/2018/3/7001274_normal.png
47,https://labodega.consum.es/tintos/monasteriodelasvias-075l,https://labodega.consum.es/public/Image/2018/3/7163822_normal.png
48,https://labodega.consum.es/tintos/estola-075l5,https://labodega.consum.es/public/Image/2018/3/7035595_normal.png
49,https://labodega.consum.es/tintos/latremenda-075l,https://labodega.consum.es/public/Image/2018/3/7188931_normal.png
50,https://labodega.consum.es/tintos/icono-075l,https://labodega.consum.es/public/Image/2018/3/7223209_normal.png
51,https://labodega.consum.es/tintos/melior-075l,https://labodega.consum.es/public/Image/2018/3/7078723_normal.png
52,https://labodega.consum.es/tintos/hoyadecadenas-075l,https://labodega.consum.es/public/Image/2018/3/4558771_normal.png
53,https://labodega.consum.es/tintos/pereladacrianza-075l,https://labodega.consum.es/public/Image/2018/3/7097777_normal.png
54,https://labodega.consum.es/tintos/ederra-075l,https://labodega.consum.es/public/Image/2018/3/7185077_normal.png
55,https://labodega.consum.es/tintos/enterizo-075l,https://labodega.consum.es/public/Image/2018/3/913546_normal.png
56,https://labodega.consum.es/tintos/luzon-075l,https://labodega.consum.es/public/Image/2018/3/7195790_normal.png
57,https://labodega.consum.es/tintos/castillosansimon-075l,https://labodega.consum.es/public/Image/2018/3/7120389_normal.png
58,https://labodega.consum.es/tintos/atrium-075l,https://labodega.consum.es/public/Image/2018/3/7276181_normal.png
59,https://labodega.consum.es/tintos/closcorriol-075l,https://labodega.consum.es/public/Image/2018/3/7097207_normal.png
60,https://labodega.consum.es/tintos/marquesdechive-075l,https://labodega.consum.es/public/Image/2018/3/4558789_normal.png
61,https://labodega.consum.es/tintos/berberana-075l,https://labodega.consum.es/public/Image/2018/3/1075100_normal.png
62,https://labodega.consum.es/tintos/rectoraldeamandi-075l,https://labodega.consum.es/public/Image/2018/3/729922_normal.png
63,https://labodega.consum.es/tintos/marquesderiscal-075l,https://labodega.consum.es/public/Image/2018/3/318204_normal.png
64,https://labodega.consum.es/tintos/elcoto-075l,https://labodega.consum.es/public/Image/2018/3/151399_normal.png
65,https://labodega.consum.es/tintos/sangredetoro-0375l,https://labodega.consum.es/public/Image/2018/3/7267367_normal.png
66,https://labodega.consum.es/tintos/soldepeas-075l,https://labodega.consum.es/public/Image/2018/3/175349_normal.png
67,https://labodega.consum.es/tintos/monologo-075l,https://labodega.consum.es/public/Image/2018/3/7187011_normal.png
68,https://labodega.consum.es/tintos/lasreas-075l,https://labodega.consum.es/public/Image/2018/7/7279255Lasreas.png_normal.jpg
69,https://labodega.consum.es/tintos/seoriodelosllanos-075l,https://labodega.consum.es/public/Image/2018/3/7107233_normal.png
70,https://labodega.consum.es/tintos/lesalcusses-075l,https://labodega.consum.es/public/Image/2018/3/7289929_normal.png
71,https://labodega.consum.es/tintos/legaris-075l,https://labodega.consum.es/public/Image/2018/3/7134398_normal.png
72,https://labodega.consum.es/tintos/alcanta-075l5,https://labodega.consum.es/public/Image/2018/3/7052889_normal.png
73,https://labodega.consum.es/tintos/campoviejo-075l10,https://labodega.consum.es/public/Image/2018/3/7275550_normal.png
74,https://labodega.consum.es/vino-martin-berasategui1,https://labodega.consum.es/public/Image/2018/11/Berasategui_tinto.png_normal.jpg
75,https://labodega.consum.es/tintos/cune-075l5,https://labodega.consum.es/public/Image/2018/7/400x900_cune.png_normal.jpg
76,https://labodega.consum.es/tintos/elmiraclemariscal-075l,https://labodega.consum.es/public/Image/2018/3/7255446_normal.png
77,https://labodega.consum.es/tintos/bach-075l,https://labodega.consum.es/public/Image/2019/1/318253_bach_normal.jpg
78,https://labodega.consum.es/tintos/cotodeimaz-075l5,https://labodega.consum.es/public/Image/2018/3/1772706_normal.png
79,https://labodega.consum.es/tintos/viaalbali-0375l,https://labodega.consum.es/public/Image/2018/3/7263882_normal.png
80,https://labodega.consum.es/tintos/enriquemendoza-075l,https://labodega.consum.es/public/Image/2018/3/7257616_normal.png
81,https://labodega.consum.es/tintos/copdevent-075l,https://labodega.consum.es/public/Image/2018/3/7260685_normal.png
82,https://labodega.consum.es/vino-roble-dehesas-viejas,https://labodega.consum.es/public/Image/2019/1/7096253_DehesasViejasRoble.png_normal.jpg
83,https://labodega.consum.es/tintos/faustinoi-075l,https://labodega.consum.es/public/Image/2018/3/7186708_normal.png
84,https://labodega.consum.es/tintos/santes-075l,https://labodega.consum.es/public/Image/2018/3/7276178_normal.png
85,https://labodega.consum.es/tintos/jardins-075l,https://labodega.consum.es/public/Image/2018/5/jardins_negre_normal.jpg
86,https://labodega.consum.es/tintos/hecula-075l,https://labodega.consum.es/public/Image/2018/3/7181316_normal.png
87,https://labodega.consum.es/tintos/barondeturis-075l10,https://labodega.consum.es/public/Image/2018/3/339911_normal.png
88,https://labodega.consum.es/tintos/grancastillo-075l,https://labodega.consum.es/public/Image/2018/3/7216419_normal.png
89,https://labodega.consum.es/tintos/alcanta-075l,https://labodega.consum.es/public/Image/2018/3/7052884_normal.png
90,https://labodega.consum.es/tintos/mestizaje-075l,https://labodega.consum.es/public/Image/2018/3/7204613_normal.png
91,https://labodega.consum.es/tintos/flavium-075l,https://labodega.consum.es/public/Image/2018/3/7251577_normal.png
92,https://labodega.consum.es/vol-i-dol,https://labodega.consum.es/public/Image/2019/4/7329147volidolnegre_normal.jpg
93,https://labodega.consum.es/castillo-de-albai-reserva,https://labodega.consum.es/public/Image/2018/11/albaireserva.png_normal.jpg
94,https://labodega.consum.es/tintos/castillodelliria-075l,https://labodega.consum.es/public/Image/2018/3/4558797_normal.png
95,https://labodega.consum.es/tintos/viadelmar-075l,https://labodega.consum.es/public/Image/2018/3/152066_normal.png
96,https://labodega.consum.es/tintos/gr-174-075l,https://labodega.consum.es/public/Image/2018/3/7272235_normal.png
97,https://labodega.consum.es/vi-negre-bot-terra-alta,https://labodega.consum.es/public/Image/2017/12/7205557.png_normal.jpg
98,https://labodega.consum.es/tinto-seleccion-marques-del-atrio,https://labodega.consum.es/public/Image/2019/5/7329725TintoMarqusdelAtrio.png_normal.jpg
99,https://labodega.consum.es/yllera,https://labodega.consum.es/public/Image/2018/11/Yllera.png_normal.jpg
100,https://labodega.consum.es/tintos/etim-075l,https://labodega.consum.es/public/Image/2018/3/7275733_normal.png
101,https://labodega.consum.es/vino-arienzo,https://labodega.consum.es/public/Image/2019/6/7336779Arienzo.png_normal.jpg
102,https://labodega.consum.es/tintos/consigna-0187l,https://labodega.consum.es/public/Image/2018/3/7270783_normal.png
103,https://labodega.consum.es/vino-techno-hu-ha,https://labodega.consum.es/public/Image/2018/4/7307937.png_normal.jpg
104,https://labodega.consum.es/tintos/viasdelvero-075l5,https://labodega.consum.es/public/Image/2018/3/7080836_normal.png
105,https://labodega.consum.es/tintos/viaalbali-075l10,https://labodega.consum.es/public/Image/2018/3/311167_normal.png
106,https://labodega.consum.es/tintos/seoriodebenidorm-075l,https://labodega.consum.es/public/Image/2018/3/7246437_normal.png
107,https://labodega.consum.es/tintos/renebarbier-075l,https://labodega.consum.es/public/Image/2018/3/92056_normal.png
108,https://labodega.consum.es/tintos/corazonloco-075l,https://labodega.consum.es/public/Image/2018/3/7256493_normal.png
109,https://labodega.consum.es/tintos/portia-075l,https://labodega.consum.es/public/Image/2018/3/7274111_normal.png
110,https://labodega.consum.es/tintos/sumarroca-075l,https://labodega.consum.es/public/Image/2018/3/7186786_normal.png
111,https://labodega.consum.es/tintos/altosdetamaron-075l,https://labodega.consum.es/public/Image/2018/3/7025054_normal.png
112,https://labodega.consum.es/con-un-par,https://labodega.consum.es/public/Image/2019/5/7291839Tintoconunpar.png_normal.jpg
113,https://labodega.consum.es/tintos/enate-075l,https://labodega.consum.es/public/Image/2018/3/7084577_normal.png
114,https://labodega.consum.es/carlades-crianza,https://labodega.consum.es/public/Image/2017/12/7217128.png_normal.jpg
115,https://labodega.consum.es/tintos/faustinovii-075l,https://labodega.consum.es/public/Image/2018/3/954615_normal.png
116,https://labodega.consum.es/tintos/condadodehaza-075l,https://labodega.consum.es/public/Image/2018/3/7280162_normal.png
117,https://labodega.consum.es/tintos/vialaujar-075l,https://labodega.consum.es/public/Image/2018/3/7240612_normal.png
118,https://labodega.consum.es/tintos/protos-075l,https://labodega.consum.es/public/Image/2018/3/7091663_normal.png
119,https://labodega.consum.es/tintos/enriquemendoza-075l5,https://labodega.consum.es/public/Image/2018/3/7263403_normal.png
120,https://labodega.consum.es/tintos/hoyadecadenas-075l5,https://labodega.consum.es/public/Image/2018/3/7108389_normal.png
121,https://labodega.consum.es/tintos/faustinoriveroulecia-075l10,https://labodega.consum.es/public/Image/2018/3/7282960_normal.png
122,https://labodega.consum.es/tintos/enterizo-075l9,https://labodega.consum.es/public/Image/2018/3/328567_normal.png
123,https://labodega.consum.es/tintos/fincaluzon-075l,https://labodega.consum.es/public/Image/2018/3/7230688_normal.png
124,https://labodega.consum.es/tintos/sangredetoro-075l,https://labodega.consum.es/public/Image/2018/3/308064_normal.png
125,https://labodega.consum.es/tintos/dehesasviejas-0375l,https://labodega.consum.es/public/Image/2018/3/7108884_normal.png
126,https://labodega.consum.es/lopez-de-haro,https://labodega.consum.es/public/Image/2017/11/7298958.png_normal.jpg
127,https://labodega.consum.es/tintos/elmiracle-075l,https://labodega.consum.es/public/Image/2018/3/7036288_normal.png
128,https://labodega.consum.es/tintos/tesorodebullas-075l,https://labodega.consum.es/public/Image/2018/3/7069979_normal.png
129,https://labodega.consum.es/tintos/laboscana-075l,https://labodega.consum.es/public/Image/2018/3/7249811_normal.png
130,https://labodega.consum.es/tintos/faustinoriveroulecia-075l,https://labodega.consum.es/public/Image/2018/3/7192623_normal.png
131,https://labodega.consum.es/tintos/lagunilla-075l5,https://labodega.consum.es/public/Image/2018/3/7168594_normal.png
132,https://labodega.consum.es/tintos/marquesdecaceres-075l,https://labodega.consum.es/public/Image/2018/3/309443_normal.png
133,https://labodega.consum.es/tinto-compta-ovelles,https://labodega.consum.es/public/Image/2019/5/7321131TintoComptaOvelles.png_normal.jpg
134,https://labodega.consum.es/tintos/murviedro-075l,https://labodega.consum.es/public/Image/2018/3/7214620_normal.png
135,https://labodega.consum.es/vino-intramurs,https://labodega.consum.es/public/Image/2019/1/7322493_INTRAMURSNEGRE1.png_normal.jpg
136,https://labodega.consum.es/tintos/altosdetamaron-075l9,https://labodega.consum.es/public/Image/2018/3/7018161_normal.png
137,https://labodega.consum.es/tintos/cotodeimaz-075l,https://labodega.consum.es/public/Image/2018/3/7186745_normal.png
138,https://labodega.consum.es/tintos/grancivet-075l,https://labodega.consum.es/public/Image/2018/6/gran_Civet.png_normal.jpg
139,https://labodega.consum.es/tintos/castillodealbai-075l,https://labodega.consum.es/public/Image/2018/3/7139975_normal.png
140,https://labodega.consum.es/tintos/dairo-075l,https://labodega.consum.es/public/Image/2018/3/7057300_normal.png
141,https://labodega.consum.es/tinto-la-garnacha-salvaje,https://labodega.consum.es/public/Image/2019/5/7329154GarnachaSalvaje.png_normal.jpg
142,https://labodega.consum.es/tintos/dehesasviejas-075l,https://labodega.consum.es/public/Image/2018/3/7025062_normal.png
143,https://labodega.consum.es/tintos/carrascalejo-075l,https://labodega.consum.es/public/Image/2018/3/7172307_normal.png
144,https://labodega.consum.es/tintos/estola-075l,https://labodega.consum.es/public/Image/2018/3/3068137_normal.png
145,https://labodega.consum.es/tintos/viasdelvero-075l,https://labodega.consum.es/public/Image/2018/3/7080831_normal.png
146,https://labodega.consum.es/tintos/campoviejo-075l,https://labodega.consum.es/public/Image/2018/3/816884_normal.png
147,https://labodega.consum.es/tintos/terracalida-075l,https://labodega.consum.es/public/Image/2018/3/7069727_normal.png
148,https://labodega.consum.es/tintos/antao-075l5,https://labodega.consum.es/public/Image/2018/3/7001006_normal.png
149,https://labodega.consum.es/tintos/apasionado-075l,https://labodega.consum.es/public/Image/2018/3/7255680_normal.png
150,https://labodega.consum.es/tintos/roureda-075l,https://labodega.consum.es/public/Image/2018/3/7057289_normal.png
151,https://labodega.consum.es/tintos/pluvium-075l,https://labodega.consum.es/public/Image/2018/3/7233674_normal.png
152,https://labodega.consum.es/ederra-reserva,https://labodega.consum.es/public/Image/2019/2/7327641TINTOEDERRARESERVA.png_normal.jpg
153,https://labodega.consum.es/tintos/matarromera-075l,https://labodega.consum.es/public/Image/2018/3/7078710_normal.png
154,https://labodega.consum.es/tintos/ramonroqueta-075l,https://labodega.consum.es/public/Image/2018/3/156745_normal.png
155,https://labodega.consum.es/pragustus-mencia,https://labodega.consum.es/public/Image/2019/1/7287712_PragustusTintopng.png_normal.jpg
156,https://labodega.consum.es/tintos/valdeoliva-075l,https://labodega.consum.es/public/Image/2018/3/7040934_normal.png
157,https://labodega.consum.es/tintos/mayordecastilla-075l,https://labodega.consum.es/public/Image/2018/3/7164718_normal.png
158,https://labodega.consum.es/tintos/jaumeserra-075l,https://labodega.consum.es/public/Image/2018/3/7040699_normal.png
159,https://labodega.consum.es/tintos/cune-075l,https://labodega.consum.es/public/Image/2018/3/3002524_normal.png
160,https://labodega.consum.es/tintos/losmolinos-075l9,https://labodega.consum.es/public/Image/2018/3/318808_normal.png
161,https://labodega.consum.es/tintos/altosdetamaron-075l10,https://labodega.consum.es/public/Image/2018/3/7205487_normal.png
162,https://labodega.consum.es/tintos/altosdetamaron-0375l,https://labodega.consum.es/public/Image/2018/3/7263887_normal.png
163,https://labodega.consum.es/tintos/lagnet-075l,https://labodega.consum.es/public/Image/2018/3/7057602_normal.png
164,https://labodega.consum.es/martin-berdugo,https://labodega.consum.es/public/Image/2017/9/7295751.png_normal.jpg
165,https://labodega.consum.es/tintos/latraca-075l,https://labodega.consum.es/public/Image/2018/3/7197705_normal.png
166,https://labodega.consum.es/espumosos/rondeloro-075l,https://labodega.consum.es/public/Image/2018/3/1600238_normal.png
167,https://labodega.consum.es/carlades,https://labodega.consum.es/public/Image/2017/12/7217131.png_normal.jpg
168,https://labodega.consum.es/generosos/elpriorramonroqueta-075l,https://labodega.consum.es/public/Image/2018/3/156729_normal.png
169,https://labodega.consum.es/blancos/lagardaxestosa-075l,https://labodega.consum.es/public/Image/2018/3/7179190_normal.png
170,https://labodega.consum.es/blancos/copdevent-075l,https://labodega.consum.es/public/Image/2018/3/7260672_normal.png
171,https://labodega.consum.es/espumosos/freixenetmininevada-02l,https://labodega.consum.es/public/Image/2018/3/373449_normal.png
172,https://labodega.consum.es/blancos/viaalbali-075l,https://labodega.consum.es/public/Image/2018/3/7259963_normal.png
173,https://labodega.consum.es/rosados/renebarbiertradicion-075l,https://labodega.consum.es/public/Image/2018/3/97048_normal.png
174,https://labodega.consum.es/rosados/mateus-075l,https://labodega.consum.es/public/Image/2018/3/383414_normal.png
175,https://labodega.consum.es/rosados/peascal-075l,https://labodega.consum.es/public/Image/2018/7/400x900_penascal.png_normal.jpg
176,https://labodega.consum.es/generosos/sanclemente-1l,https://labodega.consum.es/public/Image/2018/3/317743_normal.png
177,https://labodega.consum.es/rosados/pescador-075l,https://labodega.consum.es/public/Image/2018/3/7134547_normal.png
178,https://labodega.consum.es/blancos/bach-075l10,https://labodega.consum.es/public/Image/2018/3/318584_normal.png
179,https://labodega.consum.es/rosados/seguraviudas-075l,https://labodega.consum.es/public/Image/2018/3/7255219_normal.png
180,https://labodega.consum.es/blancos/condedecaralt-075l,https://labodega.consum.es/public/Image/2018/3/265470_normal.png
181,https://labodega.consum.es/blancos/sandara-075l,https://labodega.consum.es/public/Image/2018/3/7221443_normal.png
182,https://labodega.consum.es/rosados/vialaujar-075l,https://labodega.consum.es/public/Image/2018/3/7219970_normal.png
183,https://labodega.consum.es/rosados/castillodelliria-075l,https://labodega.consum.es/public/Image/2018/3/4558805_normal.png
184,https://labodega.consum.es/cava-brut-nat-rsva-m-monistrol,https://labodega.consum.es/public/Image/2018/5/7296262.png_normal.jpg
185,https://labodega.consum.es/rosados/cune-075l,https://labodega.consum.es/public/Image/2018/3/7092323_normal.png
186,https://labodega.consum.es/espumosos/annadecodorniu-075l22,https://labodega.consum.es/public/Image/2018/3/7254670_normal.png
187,https://labodega.consum.es/lopez-de-haro-blanco,https://labodega.consum.es/public/Image/2019/5/7301690BLANCOLPEZDEHARO.png_normal.jpg
188,https://labodega.consum.es/blancos/bach-075l9,https://labodega.consum.es/public/Image/2019/2/318279VINOBLANCOSECOBACH.png_normal.jpg
189,https://labodega.consum.es/rosados/vinorosadopalidoviaesmeralda-075l,https://labodega.consum.es/public/Image/2018/7/viaesmeralda_rosado_normal.jpg
190,https://labodega.consum.es/blancos/pazo-075l,https://labodega.consum.es/public/Image/2018/3/221440_normal.png
191,https://labodega.consum.es/espumosos/iloveitaly-075l,https://labodega.consum.es/public/Image/2018/3/7230076_normal.png
192,https://labodega.consum.es/espumosos/moetchandon-075l,https://labodega.consum.es/public/Image/2018/3/312751_normal.png
193,https://labodega.consum.es/blancos/consigna-0187l,https://labodega.consum.es/public/Image/2018/3/7270788_normal.png
194,https://labodega.consum.es/vino-eco-verdecillo,https://labodega.consum.es/public/Image/2018/4/7306660.png_normal.jpg
195,https://labodega.consum.es/rosados/crestarosa-075l,https://labodega.consum.es/public/Image/2018/3/375865_normal.png
196,https://labodega.consum.es/blancos/castillodelliria-075l5,https://labodega.consum.es/public/Image/2018/3/4558821_normal.png
197,https://labodega.consum.es/vino-glarima,https://labodega.consum.es/public/Image/2018/7/7314420_Glarima_normal.jpg
198,https://labodega.consum.es/blancos/marquesderiscal-075l,https://labodega.consum.es/public/Image/2018/3/7039287_normal.png
199,https://labodega.consum.es/rosados/bach-075l,https://labodega.consum.es/public/Image/2019/1/318261_VinoBachRosado.png_normal.jpg
200,https://labodega.consum.es/via-terra,https://labodega.consum.es/public/Image/2018/1/7298842.png_normal.jpg
201,https://labodega.consum.es/tinto-pradorey-crianza,https://labodega.consum.es/public/Image/2019/5/7311780TintoPradorey.png_normal.jpg
202,https://labodega.consum.es/blancos/blume-075l5,https://labodega.consum.es/public/Image/2018/3/7045503_normal.png
203,https://labodega.consum.es/espumosos/condedecaralt-075l,https://labodega.consum.es/public/Image/2018/3/347112_normal.png
204,https://labodega.consum.es/blancos/faustinovii-0185l,https://labodega.consum.es/public/Image/2018/3/7193006_normal.png
205,https://labodega.consum.es/espumosos/canalsnubiola-075l17,https://labodega.consum.es/public/Image/2018/3/7216729_normal.png
206,https://labodega.consum.es/espumosos/bautistamartilambrusco-075l,https://labodega.consum.es/public/Image/2018/3/7192656_normal.png
207,https://labodega.consum.es/espumosos/freixenetcartanevada-075l,https://labodega.consum.es/public/Image/2018/3/7074735_normal.png
208,https://labodega.consum.es/blancos/castillodelliria-075l,https://labodega.consum.es/public/Image/2018/3/4558813_normal.png
209,https://labodega.consum.es/blancos/renebarbierkralinerseco-075l,https://labodega.consum.es/public/Image/2018/3/92049_normal.png
210,https://labodega.consum.es/rosados/enterizo-075l,https://labodega.consum.es/public/Image/2018/3/904557_normal.png
211,https://labodega.consum.es/blancos/soldepeas-075l,https://labodega.consum.es/public/Image/2018/3/175356_normal.png
212,https://labodega.consum.es/blancos/viasdeanna-075l,https://labodega.consum.es/public/Image/2018/3/7241904_normal.png
213,https://labodega.consum.es/espumosos/freixenetcartanevada-075l17,https://labodega.consum.es/public/Image/2018/3/7187347_normal.png
214,https://labodega.consum.es/espumosos/dominiodelosduques-075l18,https://labodega.consum.es/public/Image/2018/3/7207418_normal.png
215,https://labodega.consum.es/blancos/granmuio-075l,https://labodega.consum.es/public/Image/2018/3/7180300_normal.png
216,https://labodega.consum.es/blancos/tesorodebullas-075l,https://labodega.consum.es/public/Image/2018/3/7270176_normal.png
217,https://labodega.consum.es/rosados/hoyadecadenas-075l,https://labodega.consum.es/public/Image/2018/3/7003296_normal.png
218,https://labodega.consum.es/blancos/campoviejo-075l,https://labodega.consum.es/public/Image/2018/3/7086569_normal.png
219,https://labodega.consum.es/blancos/enriquemendoza-075l,https://labodega.consum.es/public/Image/2018/3/7257611_normal.png
220,https://labodega.consum.es/espumosos/dominiodelosduques-075l,https://labodega.consum.es/public/Image/2018/3/7163850_normal.png
221,https://labodega.consum.es/blancos/elmiraclefusion-075l,https://labodega.consum.es/public/Image/2018/3/7108397_normal.png
222,https://labodega.consum.es/rosados/fragolino-075l,https://labodega.consum.es/public/Image/2018/3/7232429_normal.png
223,https://labodega.consum.es/blancos/latremenda-075l,https://labodega.consum.es/public/Image/2018/3/7249803_normal.png
224,https://labodega.consum.es/blancos/patanegra-075l,https://labodega.consum.es/public/Image/2018/3/7212327_normal.png
225,https://labodega.consum.es/espumosos/torello-075l,https://labodega.consum.es/public/Image/2018/3/152298_normal.png
226,https://labodega.consum.es/blancos/dehesasviejas-075l,https://labodega.consum.es/public/Image/2018/3/7135176_normal.png
227,https://labodega.consum.es/blancos/viasdelvero-075l,https://labodega.consum.es/public/Image/2018/3/7177314_normal.png
228,https://labodega.consum.es/generosos/pedroximenez-075l,https://labodega.consum.es/public/Image/2018/3/7201671_normal.png
229,https://labodega.consum.es/espumosos/vallformosa-075l9,https://labodega.consum.es/public/Image/2018/3/7290877_normal.png
230,https://labodega.consum.es/espumosos/freixenetminicordonnegro-02l,https://labodega.consum.es/public/Image/2018/3/7142698_normal.png
231,https://labodega.consum.es/espumosos/freixenetcordonnegro-075l,https://labodega.consum.es/public/Image/2018/3/7074748_normal.png
232,https://labodega.consum.es/rosados/grancastillo-075l,https://labodega.consum.es/public/Image/2018/3/7216398_normal.png
233,https://labodega.consum.es/generosos/malagavirgen-075l,https://labodega.consum.es/public/Image/2018/3/317784_normal.png
234,https://labodega.consum.es/rosados/sandara-075l,https://labodega.consum.es/public/Image/2018/3/7221448_normal.png
235,https://labodega.consum.es/blancos/viadelmar-075l,https://labodega.consum.es/public/Image/2018/3/7172299_normal.png
236,https://labodega.consum.es/espumosos/bach-075l,https://labodega.consum.es/public/Image/2018/3/7096956_normal.png
237,https://labodega.consum.es/rosados/raimat-075l,https://labodega.consum.es/public/Image/2019/5/7246432VinoRaimatAbadaRose.png_normal.jpg
238,https://labodega.consum.es/espumosos/vallformosa-075l,https://labodega.consum.es/public/Image/2018/3/7290872_normal.png
239,https://labodega.consum.es/blancos/depende-075l,https://labodega.consum.es/public/Image/2018/3/7232879_normal.png
240,https://labodega.consum.es/rosados/losmolinos-075l,https://labodega.consum.es/public/Image/2018/3/303321_normal.png
241,https://labodega.consum.es/espumosos/annadecodorniu-02l,https://labodega.consum.es/public/Image/2018/3/7181902_normal.png
242,https://labodega.consum.es/blancos/almamistica-075l,https://labodega.consum.es/public/Image/2018/3/7236748_normal.png
243,https://labodega.consum.es/blancos/hoyadecadenas-075l,https://labodega.consum.es/public/Image/2018/3/7108384_normal.png
244,https://labodega.consum.es/rosados/sanguedigiuda-075l,https://labodega.consum.es/public/Image/2018/3/7209328_normal.png
245,https://labodega.consum.es/espumosos/dubois-075l,https://labodega.consum.es/public/Image/2018/3/392209_normal.png
246,https://labodega.consum.es/espumosos/annadecodorniu-075l23,https://labodega.consum.es/public/Image/2018/3/7163835_normal.png
247,https://labodega.consum.es/espumosos/raimat-075l,https://labodega.consum.es/public/Image/2018/3/7266260_normal.png
248,https://labodega.consum.es/vino-martin-berasategui,https://labodega.consum.es/public/Image/2018/11/Berasategui_blanco.png_normal.jpg
249,https://labodega.consum.es/altos-de-tamaron,https://labodega.consum.es/public/Image/2018/1/7303969.png_normal.jpg
250,https://labodega.consum.es/blancos/diamante-075l,https://labodega.consum.es/public/Image/2018/3/378323_normal.png
251,https://labodega.consum.es/vino-verdejo-simue,https://labodega.consum.es/public/Image/2018/7/7315505_simue_normal.jpg
252,https://labodega.consum.es/blancos/viasdelvero-075l5,https://labodega.consum.es/public/Image/2018/3/7263358_normal.png
253,https://labodega.consum.es/rosados/elcoto-075l,https://labodega.consum.es/public/Image/2018/3/7260706_normal.png
254,https://labodega.consum.es/generosos/soador-075l,https://labodega.consum.es/public/Image/2018/3/7196483_normal.png
255,https://labodega.consum.es/blancos/bach-075l,https://labodega.consum.es/public/Image/2018/3/7204618_normal.png
256,https://labodega.consum.es/vina-mayor,https://labodega.consum.es/public/Image/2018/7/400x900_vinamayorrrueda.png_normal.jpg
257,https://labodega.consum.es/espumosos/torello-075l9,https://labodega.consum.es/public/Image/2018/3/152280_normal.png
258,https://labodega.consum.es/espumosos/canalsnubiola-075l,https://labodega.consum.es/public/Image/2018/3/373217_normal.png
259,https://labodega.consum.es/blanco-roble-glarima,https://labodega.consum.es/public/Image/2019/5/7314433Glarimarobleblanco.png_normal.jpg
260,https://labodega.consum.es/espumosos/granplusultra-075l,https://labodega.consum.es/public/Image/2018/3/7287605_normal.png
261,https://labodega.consum.es/espumosos/bach-075l27,https://labodega.consum.es/public/Image/2018/3/307108_normal.png
262,https://labodega.consum.es/blancos/pansablanca-075l,https://labodega.consum.es/public/Image/2018/3/7072655_normal.png
263,https://labodega.consum.es/blancos/pescador-075l,https://labodega.consum.es/public/Image/2018/3/300525_normal.png
264,https://labodega.consum.es/blancos/consigna-0187l5,https://labodega.consum.es/public/Image/2018/3/7270796_normal.png
265,https://labodega.consum.es/espumosos/grancremantcodorniu-075l9,https://labodega.consum.es/public/Image/2018/3/313312_normal.png
266,https://labodega.consum.es/espumosos/grancremantcodorniu-075l,https://labodega.consum.es/public/Image/2018/3/161802_normal.png
267,https://labodega.consum.es/vino-rosado-homenaje,https://labodega.consum.es/public/Image/2019/2/70187327781ROSADOHOMENAJE.png_normal.jpg
268,https://labodega.consum.es/blancos/grancastillo-075l,https://labodega.consum.es/public/Image/2018/3/7216443_normal.png
269,https://labodega.consum.es/vi-blanc-bot-terra-alta,https://labodega.consum.es/public/Image/2017/12/7205560.png_normal.jpg
270,https://labodega.consum.es/blancos/jardins-075l,https://labodega.consum.es/public/Image/2018/5/jardins_blanc_normal.jpg
271,https://labodega.consum.es/blancos/laboscana-075l,https://labodega.consum.es/public/Image/2018/3/7249808_normal.png
272,https://labodega.consum.es/espumosos/bisila-075l,https://labodega.consum.es/public/Image/2018/3/7231889_normal.png
273,https://labodega.consum.es/freixenet-ice-rose,https://labodega.consum.es/public/Image/2019/5/7331838FreixenetIceRosado.png_normal.jpg
274,https://labodega.consum.es/blancos/milflores-075l,https://labodega.consum.es/public/Image/2018/3/7251569_normal.png
275,https://labodega.consum.es/generosos/cruzconde-075l5,https://labodega.consum.es/public/Image/2018/3/7201684_normal.png
276,https://labodega.consum.es/espumosos/annadecodorniu-075l24,https://labodega.consum.es/public/Image/2018/3/7266245_normal.png
277,https://labodega.consum.es/espumosos/bach-075l25,https://labodega.consum.es/public/Image/2018/3/7113207_normal.png
278,https://labodega.consum.es/manzanilla-la-gitana,https://labodega.consum.es/public/Image/2019/5/7324663ManzanillalaGitana.png_normal.jpg
279,https://labodega.consum.es/blancos/orpenedes-075l,https://labodega.consum.es/public/Image/2018/6/or_penedes.png_normal.jpg
280,https://labodega.consum.es/espumosos/freixenetcartanevada-075l18,https://labodega.consum.es/public/Image/2018/3/7074730_normal.png
281,https://labodega.consum.es/vino-canallas1,https://labodega.consum.es/public/Image/2018/7/CANALLATINTO.png_normal.jpg
282,https://labodega.consum.es/espumosos/bach-075l26,https://labodega.consum.es/public/Image/2018/3/911268_normal.png
283,https://labodega.consum.es/yllera-frizzante,https://labodega.consum.es/public/Image/2017/11/7298859.png_normal.jpg
284,https://labodega.consum.es/rosados/juandejuanes-075l,https://labodega.consum.es/public/Image/2018/3/7268154_normal.png
285,https://labodega.consum.es/blancos/murviedro-075l,https://labodega.consum.es/public/Image/2018/3/7214604_normal.png
286,https://labodega.consum.es/espumosos/parxet-0375l,https://labodega.consum.es/public/Image/2018/3/7120041_normal.png
287,https://labodega.consum.es/espumosos/jaumeserra-075l17,https://labodega.consum.es/public/Image/2018/3/7067994_normal.png
288,https://labodega.consum.es/rosados/condedecaralt-075l,https://labodega.consum.es/public/Image/2018/3/265488_normal.png
289,https://labodega.consum.es/generosos/tiopepe-075l,https://labodega.consum.es/public/Image/2018/3/317966_normal.png
290,https://labodega.consum.es/espumosos/parxet-075l18,https://labodega.consum.es/public/Image/2018/3/157263_normal.png
291,https://labodega.consum.es/blancos/barbadillo-075l,https://labodega.consum.es/public/Image/2018/3/169037_normal.png
292,https://labodega.consum.es/blancos/consigna-075l,https://labodega.consum.es/public/Image/2018/3/7070191_normal.png
293,https://labodega.consum.es/espumosos/duo-075l,https://labodega.consum.es/public/Image/2018/3/7190494_normal.png
294,https://labodega.consum.es/espumosos/dominiodelosduques-075l17,https://labodega.consum.es/public/Image/2018/3/7163871_normal.png
295,https://labodega.consum.es/blancos/natureo-075l,https://labodega.consum.es/public/Image/2018/3/7155471_normal.png
296,https://labodega.consum.es/blancos/viasol-0375l,https://labodega.consum.es/public/Image/2018/3/7267677_normal.png
297,https://labodega.consum.es/espumosos/extracodorniu-075l,https://labodega.consum.es/public/Image/2018/3/151357_normal.png
298,https://labodega.consum.es/espumosos/annadecodorniu-075l,https://labodega.consum.es/public/Image/2018/3/313254_normal.png
299,https://labodega.consum.es/vino-pragustus,https://labodega.consum.es/public/Image/2018/12/7287696_PragustusBlnc.png_normal.jpg
300,https://labodega.consum.es/melior,https://labodega.consum.es/public/Image/2018/5/melior_normal.jpg
301,https://labodega.consum.es/blancos/bahiadedenia-075l,https://labodega.consum.es/public/Image/2018/3/7280431_normal.png
302,https://labodega.consum.es/espumosos/parxet-075l,https://labodega.consum.es/public/Image/2018/3/152272_normal.png
303,https://labodega.consum.es/espumosos/bautistamartilambrusco-075l9,https://labodega.consum.es/public/Image/2018/3/7189004_normal.png
304,https://labodega.consum.es/scala-dei,https://labodega.consum.es/public/Image/2019/2/7327646TINTOSCALADEI.png_normal.jpg
305,https://labodega.consum.es/blancos/viasol-075l,https://labodega.consum.es/public/Image/2019/5/308031VINOBLANCOVIASOL.png_normal.jpg
306,https://labodega.consum.es/blancos/elcoto-075l,https://labodega.consum.es/public/Image/2018/3/7199453_normal.png
307,https://labodega.consum.es/blancos/marinaalta-075l,https://labodega.consum.es/public/Image/2018/3/3087517_normal.png
308,https://labodega.consum.es/blancos/protos-075l,https://labodega.consum.es/public/Image/2018/3/7091635_normal.png
309,https://labodega.consum.es/brut-mercier,https://labodega.consum.es/public/Image/2018/1/7298800.png_normal.jpg
310,https://labodega.consum.es/blancos/blume-075l,https://labodega.consum.es/public/Image/2018/3/7139165_normal.png
311,https://labodega.consum.es/vino-intramurs1,https://labodega.consum.es/public/Image/2019/1/7322498_INTRAMURSBLANC.png_normal.jpg
312,https://labodega.consum.es/rosados/marquesderiscal-075l,https://labodega.consum.es/public/Image/2018/3/7280220_normal.png
313,https://labodega.consum.es/blancos/losmolinos-075l,https://labodega.consum.es/public/Image/2018/3/170340_normal.png
314,https://labodega.consum.es/ecologicos/eko-075l,https://labodega.consum.es/public/Image/2018/3/7264489_normal.png
315,https://labodega.consum.es/blancos/enterizo-075l,https://labodega.consum.es/public/Image/2018/3/7019636_normal.png
316,https://labodega.consum.es/blancos/monologo-075l,https://labodega.consum.es/public/Image/2018/3/7245558_normal.png
317,https://labodega.consum.es/compta-ovelles,https://labodega.consum.es/public/Image/2019/3/compta_ovelles_normal.jpg
318,https://labodega.consum.es/blancos/ermitadespiells-075l,https://labodega.consum.es/public/Image/2018/3/7056935_normal.png
319,https://labodega.consum.es/blancos/ramonroqueta-075l,https://labodega.consum.es/public/Image/2018/3/7096097_normal.png
320,https://labodega.consum.es/blancos/sumarroca-075l,https://labodega.consum.es/public/Image/2018/3/7230332_normal.png
321,https://labodega.consum.es/blancos/capderuc-075l,https://labodega.consum.es/public/Image/2018/3/7276194_normal.png
322,https://labodega.consum.es/blancos/terracalida-075l,https://labodega.consum.es/public/Image/2018/3/7274124_normal.png
323,https://labodega.consum.es/blancos/tharsyscity-075l,https://labodega.consum.es/public/Image/2018/3/7263304_normal.png
324,https://labodega.consum.es/blancos/corazonloco-075l,https://labodega.consum.es/public/Image/2018/3/7256485_normal.png
325,https://labodega.consum.es/vino-canallas,https://labodega.consum.es/public/Image/2018/7/CANALLABLANCO.png_normal.jpg
326,https://labodega.consum.es/blancos/ovacion-075l,https://labodega.consum.es/public/Image/2018/3/7199458_normal.png
327,https://labodega.consum.es/blancos/barondeturis-075l,https://labodega.consum.es/public/Image/2018/3/128942_normal.png
328,https://labodega.consum.es/rosados/carrascalejo-075l,https://labodega.consum.es/public/Image/2018/3/7172302_normal.png
329,https://labodega.consum.es/cava-brut-hill,https://labodega.consum.es/public/Image/2019/6/7331853CavaBrutHill.png_normal.jpg
330,https://labodega.consum.es/sandara-lemon1,https://labodega.consum.es/public/Image/2019/5/15593147667317394SandaraLemon.png_normal.jpg
331,https://labodega.consum.es/blancos/atrium-075l,https://labodega.consum.es/public/Image/2018/3/7272409_normal.png
332,https://labodega.consum.es/generosos/osborneporto-075l,https://labodega.consum.es/public/Image/2018/3/7061534_normal.png
333,https://labodega.consum.es/rosados/barondeturis-075l,https://labodega.consum.es/public/Image/2018/3/99937_normal.png
334,https://labodega.consum.es/espumosos/juveycamps-075l9,https://labodega.consum.es/public/Image/2018/3/157271_normal.png
335,https://labodega.consum.es/blancos/martincodax-075l,https://labodega.consum.es/public/Image/2018/3/7272243_normal.png
336,https://labodega.consum.es/blancos/dehesasviejas-075l5,https://labodega.consum.es/public/Image/2018/3/7120053_normal.png
337,https://labodega.consum.es/paco-lola,https://labodega.consum.es/public/Image/2018/11/pacoylola.png_normal.jpg
338,https://labodega.consum.es/montesierra-blanco,https://labodega.consum.es/public/Image/2017/12/7298813.png_normal.jpg
339,https://labodega.consum.es/blancos/viaesmeralda-075l,https://labodega.consum.es/public/Image/2018/3/483032_normal.png
340,https://labodega.consum.es/blancos/vialaujar-075l5,https://labodega.consum.es/public/Image/2018/3/7219975_normal.png
341,https://labodega.consum.es/cava-brut-rsrva-raventos-rosell,https://labodega.consum.es/public/Image/2018/5/raventos.png_normal.jpg
342,https://labodega.consum.es/espumosos/juveycamps-075l,https://labodega.consum.es/public/Image/2018/3/255083_normal.png
343,https://labodega.consum.es/espumosos/dominiodetharsys-075l9,https://labodega.consum.es/public/Image/2018/10/400x900_Cava_domino_brutNature.png_normal.jpg
344,https://labodega.consum.es/espumosos/dominiodelavega-075l,https://labodega.consum.es/public/Image/2018/3/7255318_normal.png
345,https://labodega.consum.es/rosados/tesorodebullas-075l,https://labodega.consum.es/public/Image/2018/3/7265403_normal.png
346,https://labodega.consum.es/rosados/decasta-075l,https://labodega.consum.es/public/Image/2018/3/308023_normal.png
347,https://labodega.consum.es/blancos/etim-075l,https://labodega.consum.es/public/Image/2018/3/7275725_normal.png
348,https://labodega.consum.es/generosos/labarcadetriana-075l,https://labodega.consum.es/public/Image/2018/3/7201676_normal.png
349,https://labodega.consum.es/espumosos/gramonaimperial-075l,https://labodega.consum.es/public/Image/2018/3/7279792_normal.png
350,https://labodega.consum.es/generosos/cruzconde-075l,https://labodega.consum.es/public/Image/2018/3/7201689_normal.png
351,https://labodega.consum.es/espumosos/freixenetreserva-075l,https://labodega.consum.es/public/Image/2018/3/373415_normal.png
352,https://labodega.consum.es/espumosos/dominiodetharsys-075l,https://labodega.consum.es/public/Image/2018/10/400x900_Cava_domino_brut.png_normal.jpg
353,https://labodega.consum.es/blancos/raimat-075l,https://labodega.consum.es/public/Image/2018/3/152082_normal.png
354,https://labodega.consum.es/espumosos/parxet-075l17,https://labodega.consum.es/public/Image/2018/3/7176279_normal.png
355,https://labodega.consum.es/blancos/blanctranquille-075l,https://labodega.consum.es/public/Image/2018/3/7096951_normal.png
356,https://labodega.consum.es/espumosos/cuvee1872-075l,https://labodega.consum.es/public/Image/2018/3/7226819_normal.png
357,https://labodega.consum.es/blancos/marquesdecaceres-075l,https://labodega.consum.es/public/Image/2018/3/112854_normal.png
358,https://labodega.consum.es/espumosos/seguraviudas-075l,https://labodega.consum.es/public/Image/2018/3/373225_normal.png
359,https://labodega.consum.es/blancos/vblancoverdejocarlades075-075l,https://labodega.consum.es/public/Image/2018/7/7262624.png_normal.jpg
360,https://labodega.consum.es/blanco-vol-i-dol,https://labodega.consum.es/public/Image/2019/5/0797_vol_i_dol_blanc_01_normal.jpg
361,https://labodega.consum.es/espumosos/canalsnubiola-075l16,https://labodega.consum.es/public/Image/2018/3/91892_normal.png
362,https://labodega.consum.es/espumosos/sumarroca-075l,https://labodega.consum.es/public/Image/2018/3/7254030_normal.png
363,https://labodega.consum.es/blancos/doaleo-075l,https://labodega.consum.es/public/Image/2018/3/7281103_normal.png
364,https://labodega.consum.es/rosados/viamalata-075l,https://labodega.consum.es/public/Image/2018/3/4324927_normal.png
365,https://labodega.consum.es/espumosos/castilloperelada-075l,https://labodega.consum.es/public/Image/2018/3/7043201_normal.png
366,https://labodega.consum.es/generosos/mistelamoscateldeturis-075l,https://labodega.consum.es/public/Image/2018/3/72280_normal.png
367,https://labodega.consum.es/blancos/pluvium-075l,https://labodega.consum.es/public/Image/2018/3/7233661_normal.png
368,https://labodega.consum.es/ecologicos/patanegra-075l,https://labodega.consum.es/public/Image/2018/3/7268246_normal.png
369,https://labodega.consum.es/rosados/marquesdecaceres-075l,https://labodega.consum.es/public/Image/2018/3/117853_normal.png
